0x0	0xd
0x0	0x7a74
0x3f	0x7af2
0x3f	0x4a
0x60	0x7afb
0x60	0x6b
0xd	0x14f
0xd	0x1e
0x12df	0x12ec
0x12df	0x12ed
0x1347	0x1616
0x1572	0x15bc
0x1672	0x754d
0x1ea8	0x1eb5
0x1ea8	0x1eb6
0x2121	0x759b
0x248d	0x2499
0x2a37	0x2a42
0x316a	0x3177
0x316a	0x3178
0x3372	0x337f
0x3372	0x3380
0x355c	0x3568
0x3588	0x3593
0x38d4	0x3929
0x3a86	0x3a92
0x3acf	0x3ada
0x3b1c	0x3bc3
0x4118	0x4123
0x413c	0x4147
0x415f	0x416a
0x417d	0x4188
0x43d7	0x440d
0x4473	0x447e
0x4497	0x44a2
0x4b03	0x4b0f
0x4b4c	0x4b57
0x51da	0x51e5
0x51fd	0x5208
0x5220	0x522b
0x5621	0x562d
0x564d	0x5658
0x5c71	0x5c7d
0x5c97	0x5ca2
0x5d2e	0x5d39
0x6046	0x6090
0x6342	0x634e
0x636e	0x6379
0x6417	0x6422
0x6466	0x6471
0x648a	0x6495
0x64cd	0x64d8
0x650d	0x651a
0x650d	0x651b
0x6821	0x682c
0x6d35	0x6d41
0x6d5a	0x6d65
0x6d7d	0x6d88
0x713f	0x7189
0x1b560x66b	0x1b610x66b
0x14f	0x1f3
0x14f	0x15b
0xc1	0x113
0xc1	0xcd
0x7a	0x7add
0x7a	0x86
0x27d	0x288
0x113	0x7abc
0x113	0x11f
0x1f3	0x245
0x1f3	0x1ff
0x1ac	0x7a98
0x1ac	0x1b8
0x245	0x7a77
0x245	0x251
0x288	0x2ca
0x1221	0x1238
0x1221	0x12a5
0x1332	0x133f
0x2d9	0x2e2
0x2e2	0x307
0x161a	0x7526
0x161a	0x166a
0x322	0x34f
0x322	0x336
0x307	0x322
0x307	0x310
0x369	0x37c
0x369	0x380
0x380	0x16b8
0x16b8	0x3b6
0x3e6	0x17ff
0x17ff	0x3ef
0x411	0x424
0x411	0x428
0x428	0x1805
0x1805	0x181b
0x1805	0x1888
0x476	0x1954
0x1954	0x47f
0x4a1	0x195aB0x4a1
0x4cc	0x4df
0x4cc	0x4e3
0x4e3	0x1969
0x1969	0x197f
0x1969	0x19ec
0x55f	0x1a43
0x1a43	0x568
0x5b6	0x1a69
0x1a69	0x5bf
0x5e7	0x5fa
0x5e7	0x5fe
0x5fe	0x1a7c
0x1a7c	0x71f3B0x1a7c
0x64c	0x1aefB0x64c
0x677	0x68a
0x677	0x68e
0x68e	0x1afe0x66b
0x6dc	0x1d6f
0x1d6f	0x6e5
0x711	0x1dc5
0x1dc5	0x71a
0x768	0x77b
0x768	0x77f
0x77f	0x1deb
0x1deb	0x1e01
0x1deb	0x1e6e
0x7b7	0x1ef1
0x1ef1	0x7c0
0x7e2	0x7f5
0x7e2	0x7f9
0x7f9	0x1ef7
0x1ef7	0x825
0x847	0x1f40B0x847
0x872	0x885
0x872	0x889
0x889	0x2087
0x2087	0x427cB0x2087
0x8c1	0x2099
0x2099	0x8ca
0x918	0x20c3
0x20c3	0x921
0x943	0x94c
0x94c	0x971
0x20c9	0x7574
0x20c9	0x2119
0x98c	0x9b9
0x98c	0x9a0
0x971	0x98c
0x971	0x97a
0x9d3	0x9e6
0x9d3	0x9ea
0x9ea	0x21670x9c7
0xa38	0xa4b
0xa38	0xa4f
0xa4f	0xab2
0xa4f	0xab6
0xab6	0xac4
0xab6	0xac8
0xac8	0xae6
0xac8	0xaea
0xaea	0xb49
0xaea	0xb4d
0xb4d	0xb5b
0xb4d	0xb5f
0xb5f	0xb7d
0xb5f	0xb81
0xb81	0x2179
0x2179	0x21cf
0x2179	0x221f
0xbee	0xbf7
0x2470	0x4412B0x2470
0xc19	0xc2c
0xc19	0xc30
0xc30	0x2706
0x2706	0x271c
0x2706	0x2789
0xc8c	0x27df
0x27df	0xc95
0xcc1	0x27e5
0x27e5	0x47a2B0x27e5
0xd1b	0x2839
0x2839	0x2881
0xd46	0xd59
0xd46	0xd5d
0xd5d	0x2913
0x2913	0x2929
0x2913	0x2996
0xdd5	0xde8
0xdd5	0xdec
0xdec	0x29df
0x29df	0x2a37
0x29df	0x2a49
0xe3a	0xe43
0x2b5e	0x2b74
0x2b5e	0x2be1
0xe65	0xe78
0xe65	0xe7c
0xe7c	0x2caa
0x2caa	0x2cff
0xedf	0xef2
0xedf	0xef6
0xef6	0x2d2f
0x2d2f	0x4e5eB0x2d2f
0xf2e	0xf41
0xf2e	0xf45
0xf45	0x2d41
0x2d41	0x4f65B0x2d41
0xf7d	0xf90
0xf7d	0xf94
0xf94	0x2d53
0x2d53	0xfe0
0x100c	0x2dda
0x2dda	0x506eB0x2dda
0x1046	0x2e2cB0x1046
0x1071	0x1084
0x1071	0x1088
0x1088	0x3149
0x3149	0x3154
0x10d6	0x3199
0x3199	0x10df
0x112d	0x31bf
0x31bf	0x1136
0x1184	0x31e5
0x31e5	0x322d
0x11af	0x11c2
0x11af	0x11c6
0x11c6	0x32b5
0x32b5	0x32cb
0x32b5	0x3338
0x11fe	0x33bb
0x33bb	0x1207
0x12a5	0x12c9
0x12c9	0x12d8
0x12d8	0x12df
0x12d8	0x1303
0x1303	0x130d
0x12f4	0x13130x1221
0x12ed	0x33c00x1221
0x33c0	0x33ee0x33c0
0x33c0	0x33ef0x33c0
0x130d	0x13130x1221
0x3434	0x3512
0x3434	0x3516
0x133f	0x1347
0x133f	0x134b
0x134b	0x1384
0x134b	0x1370
0x1384	0x138d
0x13f5	0x1408
0x13f5	0x1409
0x13a2	0x13b8
0x13a2	0x13b9
0x13b9	0x138d
0x138d	0x13f5
0x138d	0x1397
0x1409	0x144b
0x1409	0x144c
0x144c	0x1485
0x1485	0x149a
0x1485	0x149b
0x149b	0x14d4
0x14d4	0x14e9
0x14d4	0x14ea
0x14ea	0x152c
0x14ea	0x152d
0x29	0x7a
0x29	0x34
0x152d	0x1569
0x1569	0x1572
0x1569	0x1612
0x1612	0x1616
0x15d7	0x1604
0x15d7	0x15eb
0x15bc	0x15d7
0x15bc	0x15c5
0x1685	0x1693
0x1693	0x1693
0x1693	0x16a7
0x1888	0x18af
0x18af	0x18b7
0x18b7	0x18bd
0x18b7	0x192a
0x192a	0x2167B0x192a
0x1933	0x454
0x19ec	0x1a13
0x1a13	0x1a1f
0x1a1f	0x539
0x392c	0x3a3c
0x392c	0x3a40
0x1a86	0x1a99
0x1a99	0x1ae7
0x1ae7	0x62a0x5db
0x3f47	0x71f3B0x3f47
0x1e6e	0x1e92
0x1e92	0x1ea1
0x1ea1	0x1ea8
0x1ea1	0x1ec5
0x1ec5	0x1ece
0x1ebd	0x1ed2
0x1eb6	0x33c00x75c
0x1ed2	0x795
0x1ece	0x1ed2
0x40bf	0x4118
0x40bf	0x412b
0x2092	0x89f0x866
0x2134	0x2142
0x2142	0x2142
0x2142	0x2156
0x221f	0x2233
0x221f	0x222c
0x2233	0x2238
0x2233	0x2288
0x2288	0x229a
0x2288	0x22ea
0x22ea	0x1afeB0x22ea
0x22f5	0x2304
0x2304	0x230b
0x2304	0x2378
0x2378	0x4412B0x2378
0x2380	0x239e
0x239e	0x23ad
0x441a	0x4473
0x441a	0x4486
0x23ad	0x23b4
0x23ad	0x2404
0x2404	0x7206B0x2404
0x241a	0x7206B0x241a
0x2431	0xbe0
0x247b	0x248d
0x247b	0x24a2
0x24a2	0x24ac
0x2499	0x27030x2470
0x24ac	0x2544
0x24ac	0x2548
0x3f6f	0x549aB0x3f6f
0x2548	0x2553
0x2548	0x255c
0x255c	0x256e
0x255c	0x2572
0x2572	0x2594
0x2572	0x2601
0x2601	0x260d
0x260d	0x71f3B0x260d
0x46b0	0x6039
0x2617	0x46faB0x2617
0x262f	0x263d
0x263d	0x264b
0x264b	0x266a
0x4726	0x60f3B0x4726
0x266a	0x2679
0x4770	0x71f3B0x4770
0x2679	0x26f3
0x26f3	0x27030x2470
0x2789	0x27b0
0x27b0	0x27bc
0x27bc	0xc66
0x27f2	0x2834
0x2834	0xd0d0xcab
0x2881	0x28cf
0x2881	0x28d3
0x28d3	0x28de
0x28d3	0x28e7
0x28e7	0x28f9
0x28e7	0x28fd
0x28fd	0xd24
0x2996	0x29bc
0x29bc	0xdb3
0x4975	0x4ab9
0x4975	0x4abd
0x2a49	0x2b55
0x2a42	0x2b59
0x2b59	0xe18
0x2b55	0x2b59
0x2be1	0x2c08
0x2c08	0x2c10
0x2c10	0x2c16
0x2c10	0x2c83
0x2c83	0x195aB0x2c83
0x2cff	0x2d0b
0x4385	0x43d7
0x4385	0x43e0
0x2d0b	0x2d1a
0x38c2	0x38d4
0x38c2	0x38de
0x2d1a	0xea8
0x2d3a	0xf0c0xed3
0x2d4c	0xf5b0xf22
0x2de6	0x2e28
0x2e28	0x10380xff6
0x3154	0x3163
0x3163	0x316a
0x3163	0x3187
0x3187	0x3190
0x317f	0x3194
0x3178	0x33c00x1065
0x3194	0x10b4
0x3190	0x3194
0x322d	0x3271
0x322d	0x3275
0x3275	0x3280
0x3275	0x3289
0x3289	0x329b
0x3289	0x329f
0x329f	0x118d
0x3338	0x335c
0x335c	0x336b
0x336b	0x3372
0x336b	0x338f
0x338f	0x3398
0x3387	0x339c
0x3380	0x33c00x11a3
0x339c	0x11dc
0x3398	0x339c
0x5182	0x51da
0x5182	0x51ec
0x3516	0x3521
0x3516	0x352a
0x352a	0x353c
0x352a	0x3540
0x3540	0x355c
0x3540	0x3577
0x3577	0x4412B0x3577
0x3568	0x75c2
0x5295	0x52c3
0x5295	0x52c4
0x357f	0x3588
0x357f	0x35a2
0x35a2	0x7286
0x3593	0x75e8
0x35aa	0x35b2
0x7286	0x729e
0x35b2	0x35c5
0x35c5	0x35ee
0x5309	0x533f
0x5309	0x53ac
0x35ee	0x3607
0x542a	0x71f3B0x542a
0x3607	0x365d
0x365d	0x3886
0x365d	0x388a
0x388a	0x3895
0x388a	0x389e
0x389e	0x38af
0x38af	0x38bb
0x38de	0x38e8
0x38e8	0x38fb
0x3903	0x5452B0x3903
0x38fb	0x3903
0x391f	0x3929
0x3a40	0x3a4b
0x3a40	0x3a54
0x3a54	0x3a66
0x3a54	0x3a6a
0x3a6a	0x3a86
0x3a6a	0x3a9a
0x3a9a	0x3acf
0x3a9a	0x3ae2
0x3a92	0x760e
0x34	0x3f
0x34	0x7aef
0x3ae2	0x3b1c
0x3ae2	0x3b43
0x3ada	0x7635
0x3b43	0x3bc3
0x3bc3	0x3bcf
0x3bcf	0x3c1c
0x3c1c	0x3c69
0x3c69	0x3d9c
0x3c69	0x3d1b
0x3d9c	0x3f0e
0x3d9c	0x3f12
0x3f12	0x3f1d
0x3f12	0x3f26
0x3f26	0x3f37
0x3f37	0x3f3f
0x3f51	0x46faB0x3f51
0x3f5b	0x547bB0x3f5b
0x3f7e	0x3f8f
0x3f8f	0x3f9a
0x3f8f	0x3f9b
0x3f9b	0x3fa1
0x3f9b	0x3fa5
0x412b	0x4412B0x412b
0x4123	0x765c
0x1e	0xc1
0x1e	0x29
0x4133	0x413c
0x4133	0x414f
0x414f	0x4158
0x4147	0x7680
0x4158	0x415f
0x4158	0x4172
0x4172	0x417d
0x4172	0x4190
0x416a	0x76a4
0x4190	0x419c
0x4188	0x76c8
0x419c	0x5a12B0x419c
0x41d1	0x4273
0x4273	0x4277
0x43e0	0x43f2
0x43f2	0x4404
0x5fa5	0x704eB0x5fa5
0x4404	0x440d
0x5fef	0x7133
0x4486	0x4412B0x4486
0x447e	0x76ec
0x448e	0x4497
0x448e	0x44aa
0x44aa	0x4511
0x44aa	0x4515
0x44a2	0x7710
0x4515	0x4520
0x4515	0x4529
0x4529	0x453b
0x4529	0x453f
0x453f	0x4555
0x453f	0x45c2
0x45c2	0x46a7
0x46a7	0x46ab
0x6039	0x6046
0x6039	0x60e6
0x477a	0x46faB0x477a
0x4784	0x547bB0x4784
0x4792	0x4798
0x4abd	0x4ac8
0x4abd	0x4ad1
0x4ad1	0x4ae3
0x4ad1	0x4ae7
0x4ae7	0x4b03
0x4ae7	0x4b17
0x4b17	0x4b4c
0x4b17	0x4b5f
0x4b0f	0x7734
0x4b5f	0x4baa
0x4b57	0x775b
0x4baa	0x4bf7
0x4bf7	0x4e27
0x4bf7	0x4e2b
0x4e2b	0x4e36
0x4e2b	0x4e3f
0x4e3f	0x4e50
0x4e50	0x4e56
0x51ec	0x4412B0x51ec
0x51e5	0x7782
0x51f4	0x51fd
0x51f4	0x520f
0x520f	0x5220
0x520f	0x5232
0x5208	0x77a6
0x5232	0x528c
0x522b	0x77ca
0x528c	0x5290
0x52c4	0x52cf
0x52c4	0x52d0
0x52d0	0x52ff
0x52d0	0x5300
0x53ac	0x53b4
0x53ac	0x5421
0x5434	0x700f
0x543e	0x547bB0x543e
0x700f	0x71f3B0x700f
0x55db	0x55e6
0x55db	0x55ef
0x55ef	0x5601
0x55ef	0x5605
0x5605	0x5621
0x5605	0x563c
0x563c	0x4412B0x563c
0x562d	0x77ee
0x5644	0x564d
0x5644	0x5667
0x5667	0x72d9
0x5658	0x7815
0x566f	0x56c4
0x72d9	0x72f2
0x56c4	0x5708
0x56c4	0x56f6
0x5708	0x5713
0x5713	0x5721
0x5721	0x573c
0x573c	0x5755
0x5755	0x59d5
0x5755	0x59d9
0x59d9	0x59e4
0x59d9	0x59ed
0x59ed	0x59fe
0x59fe	0x5a0a
0x5a6d	0x5a72
0x5a6d	0x5ac2
0x5ac2	0x7334
0x5aca	0x5ad2
0x7334	0x734c
0x5ad2	0x5b18
0x5ad2	0x5ae5
0x5b18	0x5b34
0x5b0a	0x5b48
0x5b48	0x5c27
0x5b48	0x5c2b
0x5b34	0x5b48
0x5c2b	0x5c36
0x5c2b	0x5c3f
0x5c3f	0x5c51
0x5c3f	0x5c55
0x5c55	0x5c71
0x5c55	0x5c86
0x5c86	0x4412B0x5c86
0x5c7d	0x783c
0x5c8e	0x5c97
0x5c8e	0x5cab
0x5cab	0x5cbb
0x5ca2	0x7862
0x5cbb	0x5d11
0x5d11	0x5d27
0x5d27	0x5d2e
0x5d27	0x5d42
0x5d42	0x5a12B0x5d42
0x5d39	0x7888
0x5d50	0x5f70
0x5d50	0x5f74
0x5f74	0x5f7f
0x5f74	0x5f88
0x5f88	0x5f99
0x5f99	0x5f9e
0x7133	0x713f
0x7133	0x71df
0x60e6	0x46f2
0x60ab	0x60d8
0x60ab	0x60bf
0x6090	0x60ab
0x6090	0x6099
0x62fc	0x6307
0x62fc	0x6310
0x6310	0x6322
0x6310	0x6326
0x6326	0x6342
0x6326	0x635d
0x635d	0x4412B0x635d
0x634e	0x78ae
0x6365	0x636e
0x6365	0x6388
0x6388	0x4412B0x6388
0x6379	0x78d6
0x6390	0x63d2
0x6390	0x63d6
0x63d6	0x63e1
0x63d6	0x63ea
0x63ea	0x63fc
0x63ea	0x6400
0x6400	0x6417
0x6400	0x6431
0x6431	0x6466
0x6431	0x6480
0x6422	0x78fe
0x6480	0x648a
0x6480	0x64a4
0x6471	0x7926
0x64a4	0x64cd
0x64a4	0x64e7
0x6495	0x794e
0x64e7	0x64f5
0x64d8	0x7976
0x64f5	0x6506
0x54c5	0x55d7
0x54c5	0x55db
0x6506	0x650d
0x6506	0x6533
0x6533	0x660c
0x6533	0x6610
0x6522	0x799e
0x651b	0x33c00x61b2
0x6610	0x661b
0x6610	0x6624
0x6624	0x6636
0x6624	0x663a
0x663a	0x6666
0x6666	0x666d
0x6666	0x66bd
0x66bd	0x6737
0x66bd	0x673b
0x673b	0x6746
0x673b	0x674f
0x674f	0x6761
0x674f	0x6765
0x6765	0x677d
0x6765	0x67ea
0x67ea	0x6821
0x67ea	0x6833
0x6833	0x68ea
0x6833	0x68ee
0x682c	0x692c
0x692c	0x6939
0x68ee	0x68f9
0x68ee	0x6902
0x6902	0x6914
0x6902	0x6918
0x6918	0x692c
0x6939	0x6940
0x6939	0x69ad
0x69ad	0x6bd1
0x69ad	0x6bd5
0x6bd5	0x6be0
0x6bd5	0x6be9
0x6be9	0x6bfa
0x6bfa	0x6c06
0x6cef	0x6cfa
0x6cef	0x6d03
0x6d03	0x6d15
0x6d03	0x6d19
0x6d19	0x6d35
0x6d19	0x6d49
0x6d49	0x4412B0x6d49
0x6d41	0x79c6
0x6d51	0x6d5a
0x6d51	0x6d6d
0x6d6d	0x6d76
0x6d65	0x79eb
0x6d76	0x6d7d
0x6d76	0x6d90
0x6d90	0x7387
0x6d88	0x7a10
0x6d98	0x6da1
0x7387	0x739f
0x6da1	0x6db8
0x6db8	0x6dcd
0x6dcd	0x5a12B0x6dcd
0x6de0	0x6fdb
0x6de0	0x6fdf
0x6fdf	0x6fea
0x6fdf	0x6ff3
0x6ff3	0x7004
0x7004	0x7009
0x7017	0x702b
0x702b	0x5452B0x702b
0x7042	0x543e
0x71df	0x71e8
0x71df	0x71e9
0x71a4	0x71d1
0x71a4	0x71b8
0x7189	0x71a4
0x7189	0x7192
0x71e9	0x6031
0x729e	0x72b0
0x72b0	0x35aa
0x72f2	0x7304
0x7304	0x566f
0x734c	0x735e
0x735e	0x5aca
0x739f	0x6d98
0x2cd	0x2d5
0x2cd	0x2d9
0x35d	0x365
0x35d	0x369
0x3d0	0x17afB0x3d0
0x3da	0x3e2
0x3da	0x3e6
0x405	0x40d
0x405	0x411
0x46a	0x472
0x46a	0x476
0x495	0x49d
0x495	0x4a1
0x4c0	0x4c8
0x4c0	0x4cc
0x553	0x55b
0x553	0x55f
0x5aa	0x5b2
0x5aa	0x5b6
0x5db	0x5e3
0x5db	0x5e7
0x640	0x648
0x640	0x64c
0x66b	0x673
0x66b	0x677
0x6d0	0x6d8
0x6d0	0x6dc
0x6fb	0x1d75B0x6fb
0x705	0x70d
0x705	0x711
0x75c	0x764
0x75c	0x768
0x7ab	0x7b3
0x7ab	0x7b7
0x7d6	0x7de
0x7d6	0x7e2
0x83b	0x843
0x83b	0x847
0x866	0x86e
0x866	0x872
0x8b5	0x8bd
0x8b5	0x8c1
0x90c	0x914
0x90c	0x918
0x937	0x93f
0x937	0x943
0x9c7	0x9cf
0x9c7	0x9d3
0xa2c	0xa34
0xa2c	0xa38
0xbe2	0xbea
0xbe2	0xbee
0xc0d	0xc15
0xc0d	0xc19
0xc80	0xc88
0xc80	0xc8c
0xcab	0xcbd
0xcab	0xcc1
0xd0f	0xd17
0xd0f	0xd1b
0xd3a	0xd42
0xd3a	0xd46
0xdc9	0xdd1
0xdc9	0xdd5
0xe2e	0xe36
0xe2e	0xe3a
0xe59	0xe61
0xe59	0xe65
0xed3	0xedb
0xed3	0xedf
0xf22	0xf2a
0xf22	0xf2e
0xf71	0xf79
0xf71	0xf7d
0xff6	0x1008
0xff6	0x100c
0x103a	0x1042
0x103a	0x1046
0x1065	0x106d
0x1065	0x1071
0x10ca	0x10d2
0x10ca	0x10d6
0x1121	0x1129
0x1121	0x112d
0x1178	0x1180
0x1178	0x1184
0x11a3	0x11ab
0x11a3	0x11af
0x11f2	0x11fa
0x11f2	0x11fe
0x5a5d	0x5a6d
0x5a5d	0x5a68
0x61b2	0x62f8
0x61b2	0x62fc
0x6c0f	0x6ceb
0x6c0f	0x6cef
0x4a	0x7af5
0x4a	0x55
0x55	0x60
0x55	0x7af8
0x6b	0x76
0x6b	0x7afe
0x86	0x7ae0
0x86	0x91
0x91	0x7ae3
0x91	0x9c
0x9c	0x7ae6
0x9c	0xa7
0xa7	0x7ae9
0xa7	0xb2
0xb2	0xbd
0xb2	0x7aec
0xcd	0x7acb
0xcd	0xd8
0xd8	0x7ace
0xd8	0xe3
0xe3	0x7ad1
0xe3	0xee
0xee	0x7ad4
0xee	0xf9
0xf9	0x7ad7
0xf9	0x104
0x104	0x10f
0x104	0x7ada
0x11f	0x7abf
0x11f	0x12a
0x12a	0x7ac2
0x12a	0x135
0x135	0x7ac5
0x135	0x140
0x140	0x14b
0x140	0x7ac8
0x15b	0x1ac
0x15b	0x166
0x166	0x7aaa
0x166	0x171
0x171	0x7aad
0x171	0x17c
0x17c	0x7ab0
0x17c	0x187
0x187	0x7ab3
0x187	0x192
0x192	0x7ab6
0x192	0x19d
0x19d	0x1a8
0x19d	0x7ab9
0x1b8	0x7a9b
0x1b8	0x1c3
0x1c3	0x7a9e
0x1c3	0x1ce
0x1ce	0x7aa1
0x1ce	0x1d9
0x1d9	0x7aa4
0x1d9	0x1e4
0x1e4	0x1ef
0x1e4	0x7aa7
0x1ff	0x7a86
0x1ff	0x20a
0x20a	0x7a89
0x20a	0x215
0x215	0x7a8c
0x215	0x220
0x220	0x7a8f
0x220	0x22b
0x22b	0x7a92
0x22b	0x236
0x236	0x241
0x236	0x7a95
0x251	0x7a7a
0x251	0x25c
0x25c	0x7a7d
0x25c	0x267
0x267	0x7a80
0x267	0x272
0x272	0x7a74
0x272	0x7a83
0x310	0x307
0x336	0x34f
0x97a	0x971
0x9a0	0x9b9
0x1370	0x1384
0x1397	0x13a1
0x1397	0x13a2
0x15c5	0x15bc
0x15eb	0x1604
0x166a	0x1672
0x166a	0x1685
0x16a7	0x16b0
0x2119	0x2121
0x2119	0x2134
0x2156	0x215f
0x222c	0x2233
0x3d1b	0x3d9c
0x56f6	0x5713
0x5a68	0x5a6d
0x5ae5	0x5b0a
0x6099	0x6090
0x60bf	0x60d8
0x7192	0x7189
0x71b8	0x71d1
0x21670x9c7	0x21720x9c7
0x33fb0x75c	0x342b0x75c
0x33fb0x75c	0x342c0x75c
0x33fb0x1065	0x342b0x1065
0x33fb0x1065	0x342c0x1065
0x33fb0x11a3	0x342b0x11a3
0x33fb0x11a3	0x342c0x11a3
0x33fb0x1221	0x342b0x1221
0x33fb0x1221	0x342c0x1221
0x33fb0x33c0	0x342b0x33c0
0x33fb0x33c0	0x342c0x33c0
0x33fb0x61b2	0x342b0x61b2
0x33fb0x61b2	0x342c0x61b2
0x33ef0x75c	0x33fa0x75c
0x33ef0x75c	0x33fb0x75c
0x33ef0x1065	0x33fa0x1065
0x33ef0x1065	0x33fb0x1065
0x33ef0x11a3	0x33fa0x11a3
0x33ef0x11a3	0x33fb0x11a3
0x33ef0x1221	0x33fa0x1221
0x33ef0x1221	0x33fb0x1221
0x33ef0x33c0	0x33fa0x33c0
0x33ef0x33c0	0x33fb0x33c0
0x33ef0x61b2	0x33fa0x61b2
0x33ef0x61b2	0x33fb0x61b2
0x33c00x75c	0x33ee0x75c
0x33c00x75c	0x33ef0x75c
0x33c00x1065	0x33ee0x1065
0x33c00x1065	0x33ef0x1065
0x33c00x11a3	0x33ee0x11a3
0x33c00x11a3	0x33ef0x11a3
0x33c00x1221	0x33ee0x1221
0x33c00x1221	0x33ef0x1221
0x33c00x61b2	0x33ee0x61b2
0x33c00x61b2	0x33ef0x61b2
0x1c810x66b	0x1d660x66b
0x1bfe0x66b	0x1c140x66b
0x1bfe0x66b	0x1c810x66b
0x1be80x66b	0x1bfa0x66b
0x1be80x66b	0x1bfe0x66b
0x1bd40x66b	0x1bdf0x66b
0x1bd40x66b	0x1be80x66b
0x1b680x66b	0x1bd00x66b
0x1b680x66b	0x1bd40x66b
0x1b610x66b	0x1d6a0x66b
0x1afe0x66b	0x1b560x66b
0x1afe0x66b	0x1b680x66b
0x195aB0x4a1	0x1964B0x4a1
0x71f3B0x1a7c	0x1a86
0x1aefB0x64c	0x1af9B0x64c
0x1f40B0x847	0x1f56B0x847
0x1f40B0x847	0x1fc3B0x847
0x1fc3B0x847	0x1feaB0x847
0x1feaB0x847	0x1ff2B0x847
0x1ff2B0x847	0x1ff8B0x847
0x1ff2B0x847	0x20650x1f40B0x847
0x20650x1f40B0x847	0x850
0x4339B0x2087	0x4347B0x2087
0x4339B0x2087	0x4346B0x2087
0x427cB0x2087	0x4292B0x2087
0x427cB0x2087	0x42ffB0x2087
0x42ffB0x2087	0x4323B0x2087
0x4323B0x2087	0x4332B0x2087
0x4332B0x2087	0x4339B0x2087
0x4332B0x2087	0x4356B0x2087
0x4356B0x2087	0x4362B0x2087
0x434eB0x2087	0x43660x427cB0x2087
0x4347B0x2087	0x33c00x427cB0x2087
0x33c00x427cB0x2087	0x33ef0x427cB0x2087
0x33c00x427cB0x2087	0x33ee0x427cB0x2087
0x33ef0x427cB0x2087	0x33fb0x427cB0x2087
0x33ef0x427cB0x2087	0x33fa0x427cB0x2087
0x33fb0x427cB0x2087	0x342b0x427cB0x2087
0x33fb0x427cB0x2087	0x342c0x427cB0x2087
0x43660x427cB0x2087	0x2092
0x4412B0x2470	0x247b
0x4860B0x27e5	0x486eB0x27e5
0x4860B0x27e5	0x486dB0x27e5
0x491dB0x27e5	0x492bB0x27e5
0x491dB0x27e5	0x492aB0x27e5
0x47a2B0x27e5	0x47b9B0x27e5
0x47a2B0x27e5	0x4826B0x27e5
0x4826B0x27e5	0x484aB0x27e5
0x484aB0x27e5	0x4859B0x27e5
0x4859B0x27e5	0x4860B0x27e5
0x4859B0x27e5	0x4884B0x27e5
0x4884B0x27e5	0x48c8B0x27e5
0x4884B0x27e5	0x48ccB0x27e5
0x4875B0x27e5	0x49530x47a2B0x27e5
0x486eB0x27e5	0x33c00x47a2B0x27e5
0x48ccB0x27e5	0x48d7B0x27e5
0x48ccB0x27e5	0x48e0B0x27e5
0x48e0B0x27e5	0x48f2B0x27e5
0x48e0B0x27e5	0x48f6B0x27e5
0x48f6B0x27e5	0x4916B0x27e5
0x4916B0x27e5	0x491dB0x27e5
0x4916B0x27e5	0x4941B0x27e5
0x4941B0x27e5	0x494dB0x27e5
0x4932B0x27e5	0x49530x47a2B0x27e5
0x492bB0x27e5	0x33c00x47a2B0x27e5
0x33c00x47a2B0x27e5	0x33ef0x47a2B0x27e5
0x33c00x47a2B0x27e5	0x33ee0x47a2B0x27e5
0x33ef0x47a2B0x27e5	0x33fb0x47a2B0x27e5
0x33ef0x47a2B0x27e5	0x33fa0x47a2B0x27e5
0x33fb0x47a2B0x27e5	0x342c0x47a2B0x27e5
0x33fb0x47a2B0x27e5	0x342b0x47a2B0x27e5
0x342c0x47a2B0x27e5	0x4875B0x27e5
0x342c0x47a2B0x27e5	0x4932B0x27e5
0x49530x47a2B0x27e5	0x27f2
0x4f1bB0x2d2f	0x4f29B0x2d2f
0x4f1bB0x2d2f	0x4f28B0x2d2f
0x4e5eB0x2d2f	0x4e74B0x2d2f
0x4e5eB0x2d2f	0x4ee1B0x2d2f
0x4ee1B0x2d2f	0x4f05B0x2d2f
0x4f05B0x2d2f	0x4f14B0x2d2f
0x4f14B0x2d2f	0x4f1bB0x2d2f
0x4f14B0x2d2f	0x4f38B0x2d2f
0x4f38B0x2d2f	0x4f42B0x2d2f
0x4f30B0x2d2f	0x4f460x4e5eB0x2d2f
0x4f29B0x2d2f	0x33c00x4e5eB0x2d2f
0x33c00x4e5eB0x2d2f	0x33ef0x4e5eB0x2d2f
0x33c00x4e5eB0x2d2f	0x33ee0x4e5eB0x2d2f
0x33ef0x4e5eB0x2d2f	0x33fb0x4e5eB0x2d2f
0x33ef0x4e5eB0x2d2f	0x33fa0x4e5eB0x2d2f
0x33fb0x4e5eB0x2d2f	0x342b0x4e5eB0x2d2f
0x33fb0x4e5eB0x2d2f	0x342c0x4e5eB0x2d2f
0x4f460x4e5eB0x2d2f	0x2d3a
0x5022B0x2d41	0x5030B0x2d41
0x5022B0x2d41	0x502fB0x2d41
0x4f65B0x2d41	0x4f7bB0x2d41
0x4f65B0x2d41	0x4fe8B0x2d41
0x4fe8B0x2d41	0x500cB0x2d41
0x500cB0x2d41	0x501bB0x2d41
0x501bB0x2d41	0x5022B0x2d41
0x501bB0x2d41	0x503fB0x2d41
0x503fB0x2d41	0x504bB0x2d41
0x5037B0x2d41	0x504f0x4f65B0x2d41
0x5030B0x2d41	0x33c00x4f65B0x2d41
0x33c00x4f65B0x2d41	0x33ef0x4f65B0x2d41
0x33c00x4f65B0x2d41	0x33ee0x4f65B0x2d41
0x33ef0x4f65B0x2d41	0x33fb0x4f65B0x2d41
0x33ef0x4f65B0x2d41	0x33fa0x4f65B0x2d41
0x33fb0x4f65B0x2d41	0x342b0x4f65B0x2d41
0x33fb0x4f65B0x2d41	0x342c0x4f65B0x2d41
0x504f0x4f65B0x2d41	0x2d4c
0x512cB0x2dda	0x513aB0x2dda
0x512cB0x2dda	0x5139B0x2dda
0x506eB0x2dda	0x5085B0x2dda
0x506eB0x2dda	0x50f2B0x2dda
0x50f2B0x2dda	0x5116B0x2dda
0x5116B0x2dda	0x5125B0x2dda
0x5125B0x2dda	0x512cB0x2dda
0x5125B0x2dda	0x5150B0x2dda
0x5150B0x2dda	0x515bB0x2dda
0x5141B0x2dda	0x51610x506eB0x2dda
0x513aB0x2dda	0x33c00x506eB0x2dda
0x33c00x506eB0x2dda	0x33ef0x506eB0x2dda
0x33c00x506eB0x2dda	0x33ee0x506eB0x2dda
0x33ef0x506eB0x2dda	0x33fb0x506eB0x2dda
0x33ef0x506eB0x2dda	0x33fa0x506eB0x2dda
0x33fb0x506eB0x2dda	0x342b0x506eB0x2dda
0x33fb0x506eB0x2dda	0x342c0x506eB0x2dda
0x51610x506eB0x2dda	0x2de6
0x2ebdB0x1046	0x2ec8B0x1046
0x2e2cB0x1046	0x2eb7B0x1046
0x2e2cB0x1046	0x2e86B0x1046
0x2eb7B0x1046	0x2ebdB0x1046
0x2eb7B0x1046	0x2ecfB0x1046
0x2ecfB0x1046	0x3141B0x1046
0x2ec8B0x1046	0x3146B0x1046
0x3146B0x1046	0x104f
0x2e86B0x1046	0x2eb7B0x1046
0x2167B0x192a	0x21720x2167B0x192a
0x71f3B0x3f47	0x3f51
0x54a5B0x3f6f	0x54beB0x3f6f
0x549aB0x3f6f	0x54a5B0x3f6f
0x549aB0x3f6f	0x54b2B0x3f6f
0x54b2B0x3f6f	0x54beB0x3f6f
0x54beB0x3f6f	0x3f7e
0x1b560x1afeB0x22ea	0x1b610x1afeB0x22ea
0x1afeB0x22ea	0x1b560x1afeB0x22ea
0x1afeB0x22ea	0x1b680x1afeB0x22ea
0x1b610x1afeB0x22ea	0x1d6a0x1afeB0x22ea
0x1b680x1afeB0x22ea	0x1bd00x1afeB0x22ea
0x1b680x1afeB0x22ea	0x1bd40x1afeB0x22ea
0x1bd40x1afeB0x22ea	0x1bdf0x1afeB0x22ea
0x1bd40x1afeB0x22ea	0x1be80x1afeB0x22ea
0x1be80x1afeB0x22ea	0x1bfa0x1afeB0x22ea
0x1be80x1afeB0x22ea	0x1bfe0x1afeB0x22ea
0x1bfe0x1afeB0x22ea	0x1c140x1afeB0x22ea
0x1bfe0x1afeB0x22ea	0x1c810x1afeB0x22ea
0x1c810x1afeB0x22ea	0x1d660x1afeB0x22ea
0x1d6a0x1afeB0x22ea	0x22f5
0x4412B0x2378	0x2380
0x71f3B0x260d	0x2617
0x6106B0x4726	0x6150B0x4726
0x60f3B0x4726	0x6106B0x4726
0x60f3B0x4726	0x61a6B0x4726
0x616bB0x4726	0x6198B0x4726
0x616bB0x4726	0x617fB0x4726
0x6150B0x4726	0x616bB0x4726
0x6150B0x4726	0x6159B0x4726
0x6159B0x4726	0x6150B0x4726
0x617fB0x4726	0x6198B0x4726
0x71f3B0x4770	0x477a
0x195aB0x2c83	0x1964B0x2c83
0x4412B0x3577	0x357f
0x71f3B0x542a	0x5434
0x547bB0x3f5b	0x5492B0x3f5b
0x5492B0x3f5b	0x3f66
0x4412B0x412b	0x4133
0x5a12B0x419c	0x5a4fB0x419c
0x5a12B0x419c	0x5a58B0x419c
0x7064B0x5fa5	0x712cB0x5fa5
0x7086B0x5fa5	0x70d0B0x5fa5
0x704eB0x5fa5	0x705eB0x5fa5
0x704eB0x5fa5	0x7059B0x5fa5
0x705eB0x5fa5	0x7064B0x5fa5
0x705eB0x5fa5	0x706cB0x5fa5
0x706cB0x5fa5	0x707dB0x5fa5
0x706cB0x5fa5	0x707cB0x5fa5
0x712cB0x5fa5	0x5fe7
0x707dB0x5fa5	0x7086B0x5fa5
0x707dB0x5fa5	0x7126B0x5fa5
0x70ebB0x5fa5	0x7118B0x5fa5
0x70ebB0x5fa5	0x70ffB0x5fa5
0x70d0B0x5fa5	0x70ebB0x5fa5
0x70d0B0x5fa5	0x70d9B0x5fa5
0x7059B0x5fa5	0x705eB0x5fa5
0x70d9B0x5fa5	0x70d0B0x5fa5
0x70ffB0x5fa5	0x7118B0x5fa5
0x4412B0x4486	0x448e
0x547bB0x4784	0x5492B0x4784
0x5492B0x4784	0x4792
0x4412B0x51ec	0x51f4
0x547bB0x543e	0x5492B0x543e
0x5492B0x543e	0x5449
0x71f3B0x700f	0x7017
0x4412B0x563c	0x5644
0x4412B0x5c86	0x5c8e
0x5a12B0x5d42	0x5a4fB0x5d42
0x5a12B0x5d42	0x5a58B0x5d42
0x4412B0x635d	0x6365
0x4412B0x6388	0x6390
0x4412B0x6d49	0x6d51
0x5a12B0x6dcd	0x5a4fB0x6dcd
0x5a12B0x6dcd	0x5a58B0x6dcd
0x17afB0x3d0	0x17baB0x3d0
0x17baB0x3d0	0x17fc0x17afB0x3d0
0x7206B0x2404	0x7247B0x2404
0x7206B0x2404	0x7237B0x2404
0x7247B0x2404	0x7275B0x2404
0x7247B0x2404	0x7256B0x2404
0x7275B0x2404	0x73baB0x7275B0x2404
0x7259B0x2404	0x7262B0x2404
0x7259B0x2404	0x7274B0x2404
0x7237B0x2404	0x7275B0x2404
0x7256B0x2404	0x7259B0x2404
0x7262B0x2404	0x7259B0x2404
0x73c9B0x7275B0x2404	0x73c0B0x7275B0x2404
0x73baB0x7275B0x2404	0x73c0B0x7275B0x2404
0x73c0B0x7275B0x2404	0x73c9B0x7275B0x2404
0x73c0B0x7275B0x2404	0x73d8B0x7275B0x2404
0x7206B0x241a	0x7247B0x241a
0x7206B0x241a	0x7237B0x241a
0x7247B0x241a	0x7275B0x241a
0x7247B0x241a	0x7256B0x241a
0x7275B0x241a	0x73baB0x7275B0x241a
0x7259B0x241a	0x7262B0x241a
0x7259B0x241a	0x7274B0x241a
0x7237B0x241a	0x7275B0x241a
0x7256B0x241a	0x7259B0x241a
0x7262B0x241a	0x7259B0x241a
0x73c9B0x7275B0x241a	0x73c0B0x7275B0x241a
0x73baB0x7275B0x241a	0x73c0B0x7275B0x241a
0x73c0B0x7275B0x241a	0x73c9B0x7275B0x241a
0x73c0B0x7275B0x241a	0x73d8B0x7275B0x241a
0x46faB0x2617	0x71f3B0x46faB0x2617
0x4702B0x2617	0x471bB0x2617
0x71f3B0x46faB0x2617	0x4702B0x2617
0x5452B0x3903	0x5469B0x3903
0x5469B0x3903	0x5473B0x3903
0x46faB0x3f51	0x71f3B0x46faB0x3f51
0x4702B0x3f51	0x471bB0x3f51
0x71f3B0x46faB0x3f51	0x4702B0x3f51
0x46faB0x477a	0x71f3B0x46faB0x477a
0x4702B0x477a	0x471bB0x477a
0x71f3B0x46faB0x477a	0x4702B0x477a
0x5452B0x702b	0x5469B0x702b
0x5469B0x702b	0x5473B0x702b
0x1d75B0x6fb	0x3fadB0x1d75B0x6fb
0x1d80B0x6fb	0x1dc20x1d75B0x6fb
0x406bB0x1d75B0x6fb	0x4079B0x1d75B0x6fb
0x406bB0x1d75B0x6fb	0x4078B0x1d75B0x6fb
0x3fadB0x1d75B0x6fb	0x3fc4B0x1d75B0x6fb
0x3fadB0x1d75B0x6fb	0x4031B0x1d75B0x6fb
0x4031B0x1d75B0x6fb	0x4055B0x1d75B0x6fb
0x4055B0x1d75B0x6fb	0x4064B0x1d75B0x6fb
0x4064B0x1d75B0x6fb	0x406bB0x1d75B0x6fb
0x4064B0x1d75B0x6fb	0x408fB0x1d75B0x6fb
0x408fB0x1d75B0x6fb	0x409aB0x1d75B0x6fb
0x4080B0x1d75B0x6fb	0x40a00x3fadB0x1d75B0x6fb
0x4079B0x1d75B0x6fb	0x33c00x3fadB0x1d75B0x6fb
0x33c00x3fadB0x1d75B0x6fb	0x33ef0x3fadB0x1d75B0x6fb
0x33c00x3fadB0x1d75B0x6fb	0x33ee0x3fadB0x1d75B0x6fb
0x33ef0x3fadB0x1d75B0x6fb	0x33fb0x3fadB0x1d75B0x6fb
0x33ef0x3fadB0x1d75B0x6fb	0x33fa0x3fadB0x1d75B0x6fb
0x33fb0x3fadB0x1d75B0x6fb	0x342b0x3fadB0x1d75B0x6fb
0x33fb0x3fadB0x1d75B0x6fb	0x342c0x3fadB0x1d75B0x6fb
0x40a00x3fadB0x1d75B0x6fb	0x1d80B0x6fb
0x1d6a0x66b	0x6ba
0x21720x9c7	0xa16
0x342c0x75c	0x1ebd
0x342c0x1065	0x317f
0x342c0x11a3	0x3387
0x342c0x1221	0x12f4
0x342c0x61b2	0x6522
0x1964B0x4a1	0x4aa
0x1af9B0x64c	0x655
0x342c0x427cB0x2087	0x434eB0x2087
0x342c0x4e5eB0x2d2f	0x4f30B0x2d2f
0x342c0x4f65B0x2d41	0x5037B0x2d41
0x342c0x506eB0x2dda	0x5141B0x2dda
0x21720x2167B0x192a	0x1933
0x61a6B0x4726	0x4768
0x1964B0x2c83	0x2c8b0x2b5e
0x5a58B0x419c	0x41d1
0x5a58B0x5d42	0x5d50
0x5a58B0x6dcd	0x6de0
0x17fc0x17afB0x3d0	0x3d8
0x7282B0x2404	0x241a
0x73dcB0x7275B0x2404	0x7282B0x2404
0x73d8B0x7275B0x2404	0x73dcB0x7275B0x2404
0x7282B0x241a	0x2431
0x73dcB0x7275B0x241a	0x7282B0x241a
0x73d8B0x7275B0x241a	0x73dcB0x7275B0x241a
0x471bB0x2617	0x262f
0x5473B0x3903	0x391f
0x471bB0x3f51	0x3f5b
0x471bB0x477a	0x4784
0x5473B0x702b	0x7042
0x1dc20x1d75B0x6fb	0x703
0x342c0x3fadB0x1d75B0x6fb	0x4080B0x1d75B0x6fb
0x1d660x66b	0x1d6a0x66b
0x1d660x1afeB0x22ea	0x1d6a0x1afeB0x22ea
0x3141B0x1046	0x3146B0x1046
0x4362B0x2087	0x43660x427cB0x2087
0x494dB0x27e5	0x49530x47a2B0x27e5
0x4f42B0x2d2f	0x4f460x4e5eB0x2d2f
0x504bB0x2d41	0x504f0x4f65B0x2d41
0x515bB0x2dda	0x51610x506eB0x2dda
0x7126B0x5fa5	0x712cB0x5fa5
0x409aB0x1d75B0x6fb	0x40a00x3fadB0x1d75B0x6fb
0x7274B0x2404	0x7275B0x2404
0x7274B0x241a	0x7275B0x241a
